text,category
"Подключил подписку СберПрайм, но хотел, чтобы списывали сначала бонусы. В приложении стоит галочка, чтобы списывались сначала бонусы, бонусов более чем хватает. Но всё равно списали со счёта. В чате приложения оператор сказал, что нужно ставить...",СберСпасибо
"Добрый день! Сейчас завершилась наша сделка по покупке квартиры через ДОМ КЛИК ( электронная регистрация и безопасные расчеты). Уже пользуюсь этой услугой 3 раз и просто только восхищаюсь. Хочу поблагодарить нашего менеджера Д-н Армине М. ( г.",Ипотека
"Позавчера оформил доставку моментальной дебетовой карты Сбера, окно с доступной доставкой было на вчерашний день с 10-11 часов утра, в этот промежуток времени никто не позвонил, примерно в 12-13 часов я связался с поддержкой по номеру ",Обслуживание в отделении
"Банкомат зажевал деньги, прислали СМС прийти в банк забрать деньги, в итоге деньги не отдают, сотрудник говорит я что буду со своего кармана оплачивать. Зачем тогда приглашали в отделение банка забирать деньги. Сначала банкомат зажевал, потом...",Банкоматы
"22.07.2024 у меня заканчивалась подписка на Дклик Плюс. Как было указано в приложении Сбербанка, она должна была автоматически продлиться в этот же день, но этого не произошло. Узнал я о том, что она не продлилась, случайно, 26.07.2024, когда...",ДомКлик
"16.08.24г мной был произведен платеж на сумму 17 474р. Списание со счета произошло 19.08.24г. Но эта сумма 17 474 списалась дважды. По выписке (по текущему остатку) сумма одна, а в доступном остатке сумма на 17 474р меньше. При чем это второе...",Сбербанк Онлайн
"Оформила бизнес кредит за 5 минут! А возвратить не могу. Проценты капают каждый день огромные для меня! Досрочное погашение в СберБизнес оформила, они заявку удали и всё (нет заявки, нет претензий). Подала заявку через электронную почту (в...",Кредиты
"Хочу предостеречь всех, кто думает оформить залоговый кредит в Сбербанке под свое имущество или у вас имеется уже текущий договор, так как снять потом обременение будет очень сложно. Дело в том, что 21 августа 2024 года, мной был полностью закрыт...",Кредиты
"Поменяла фамилию в связи с регистрацией брака и уже третий раз обращаюсь в офис для изменения данных. Третий раз мне говорят, что всё изменили, а по факту в личном кабинете все старые данные! Так мало того, что они никак не могут обновить данные...",Обслуживание в отделении
"3 раза загружал страховой полис жизни и здоровья по ипотеке через домклик и все не могут поставить дату начала действия страховки ПРАВИЛЬНУЮ! Там договор вообще не читают чтоли что написано, в договоре четко написано с 26 сентября, они лепят 20...",ДомКлик
"Здравствуйте. Максимально редко оставляю отзыв, но ситуация прямо раздражает. Перевыпустил в веб-версии приложения карту ЕКП ( Единая карта петербуржца) потому, что перестала срабатывать. Кстати, это уже второй перевыпуск за три года....",Сбербанк Онлайн
"Со Сбером очень странная история - у меня уже год идет ипотека, 11 сентября вот исполнился год. И мне надо обязательно по ипотечному договору иметь страховку Домклик+, иначе будет повышение ставки. Оплатить же ее невозможно! Ни в приложении ни на...",ДомКлик
"Я не буду говорить, что сейчас Сбер далеко не самый выгодный с точки зрения клиента банк - кешбэк, ставки по депозитам и накопительным счетам, количество акций и тд. Вы сами это понимаете. Хотела бы описать ситуацию, из которой можно понять...",Другие
"Адрес отделения ул. Пресненский Вал, 6, стр. 2, (этаж 1). Являюсь зарплатным клиентом. Приобрёл кредитную карту цифровая, пластик получил . По условиям акции по карте могу снять денежные средства в течение 30 дней с момента...",Кредитные карты
"Четвёртый день пытаюсь открыть счёт ИП. Но Сберу, видимо, не нужны клиенты. Сначала три дня пыталась просто выбрать офис обслуживания, но в приложении был сбой, и офис для ИП выбрать было невозможно, потому что на карте в приложении не было...",Обслуживание в отделении
"Нужна пролонгация пакета услуг Домклик плюс для сохранения ставки по ипотеке. Как итог, шестой день бьюсь чтобы получить ссылку на оплату! Писала в чат приложения Домклик, звонила на номер , составила обращение на сайте - бестолку! Ответ один -...",ДомКлик
"Добрый день! Обращаюсь по вопросу возврата денег за подписку СберПрайм. поскольку сработало автопродление, с моей карты было списано 1990 рублей за пользование подпиской на следующий год. Согласно ст. ",СберПрайм
" был осуществлён мною перевод-оплата услуги по QR-коду спб, через приложение. Сегодня перевод не доставлен до сих пор. Обращение в отделение банка - отправили звонить контакт центр уверил, что перевод будет доставлен в...",Сбербанк Онлайн
"В мае 2024 года завершена процедура банкротства. В Сбербанке как висела кредитная карта так и висит. Обращалась в отделение банка, там ответа не дали, сказали звонить на номер . Там сказали что будет висеть 5 лет. Юристы, которые вели моё дело...",Кредитные карты
"Здравствуйте. Как надоело уже писать сюда, но приходиться. я приобрёл ипотеку через сервис домклик (сбер), подключили услугу Домклик Плюс, соответственно страховка жизни и здоровья туда входит, в с июля!!! Я начал писать в чат...",Ипотека
" открыл расчетный счет и подал заявку на установку терминала с биометрией. Договорились на установку на 6 сентября. позвонил автоответчик Сбера, уточнил по дате, сообщил что перед приездом свяжется сотрудник. узнал о приезде...",Обслуживание в отделении
"Добрый день. Отзыв не на конкретный офис банка, а на Домклик и услугу ДомкликПлюс В процессе оформления ипотеки оформила и оплатила Домклик Плюс, уже второй год подряд. По данной услуге в том числе должна быть подписка Сберпрайм. Ипотека...",ДомКлик
"Добрый день уважаемые сотрудники банка Сбербанк. Прошу разобраться и не навязывать не нужных дополнительных платных услуг, когда нам это не надо. Хочу оставить отзыв о работе сотудников филиала Банк Сбербанк - г.Сызрань, ул.Советская . Мы в...",Обслуживание в отделении
"Обращалась за реструктуризацией года , естественно пришел отказ , и кредитная карта Сбербанка заблокировалась на 180 дней. Прошло более 180 дней карта не разблокировалась , обратилась по номеру для разблокировки карты , не...",Кредитные карты
"Сбербанк в своей красе, заблокировал мне доступ по причине того, что, якобы из МВД поступила информация, что мой паспорт недействителен. По их инструкции, на сайте МВД паспорт был проверен и он актуален. Налицо - самоуправство банка. Оператор...",Другие
"20 сентября с кредитной карты были сделаны оплаты мобильной связи 3 оплата каждая по 15 000 рублей.Оператору деньги не пришли эти и они не увидели по номеру идентификации эти пополнения и сказали скорее всего отклонились эти пополнения.На след...",Другие
"5 февраля 2024 года прошло последнее судебное заседание, меня признали банкротом, завершили процедуру реализации имущества и освободили от оставшихся долгов. Кредиты банк списал довольно быстро, а вот долг по кредитной карте по-прежнему есть, горит...",Кредитные карты
"10 сентября снимала наличные в банкомате Сбербанка, который находится в супермаркете. Запросила сумму , а банкомат выдал -3 купюры по 5 тысяч и 4 купюры по 1 тысяче. Я позвонила в поддержку, мне сказали, что такие случаи бывают и моё...",Банкоматы
" В этот день я заходила в отделение Сбербанка на улице Мира, , чтобы забрать зарплатную карту. Обратилась к сотруднику, как это можно сделать. Сказали взять талон и подождать. Взяла. Подождала. Подошла туда, куда направили. Даю...",Обслуживание в отделении
"Добрый день. Заказал дебетовую карту на сайте, чтобы у меня был счет и карта сбербанка куда можно было оформить ипотеку и перевести зарплатный проект для скидки. Пришел в банк, мне уже во время оформления сказали, что вам отказано без обьяснения...",Обслуживание в отделении
"Я сменила фамилию по браку , получила паспорт , ещё не обновились данные СНИЛС, на Госуслугах тоже нет обновления и без смс уведомления просто блокируют учетную запись . звонки в поддержку не дают ответ, сначала сотрудник не видит причину , потом...",Сбербанк Онлайн
"Хотелось бы оставить отзыв о бесполезном и полном обмана для простых потребителей финансовых услуг проекте Сбера «Как зарплатный». Какое-то время назад поменяла зарплатный банк (которым был Сбер). Через 3 месяца с момента прекращения выплат Сбер...",Зарплатный проект
"Подключал подписку СберПрайм по промо акции на год за 0 рублей, подписка должна была быть активна до . Сегодня, при переводе денег на Сбербанк обнаружил, что сняли деньги за обслуживание карты, хотя в рамках подписки...",СберПрайм
" я получила два перевода, один из которых я получать не планировала, это были ошибочно переведенные мне денежные средства. Однако в приложении отсутствовала (и отсутствует) информация о переводе, о реквизитах отправителя, о назначении...",Сбербанк Онлайн
"С банком Сбербанк подписан кредитный договор на строительство жилого дома в июле года. Получен и освоен первый транш, строительство фундамента. Выдано ,9 млн, при этом в залог получено имущество стоимостью более 7 млн. Заявку на второй транш...",Ипотека
"Здравствуйте, у меня вчера сняли деньги 995 рублей за подписку сбер Прайм и хотелось бы узнать почему? Хотя я ничего и никогда не подписывала на эту подписку!!! Мне ничего не сообщили о том, что будут сняты деньги с моей карты.Хочу чтоб вы...",СберПрайм
"19 сентября я хотел совершить перевод через СБП на мой счет в другом банке. Но нет, Сбербанк выдал мне коммисиию за перевод на мой же счет! 20 сентября я пошел в банкомат Сбербанка и решил снять наличные! Но нет, банкомат Сбербанка проглотил мою...",Банкоматы
"Сталкнулся с такой вопиющей ситуацией , есть решение суда от мая года вступивщее в силу и списанны все долги и кредиты но сбер банк упорно не выполняет решение суда и отказывается закрыть счет по кредитной карте обращения игнорируются, которые...",Кредитные карты
"Здравствуйте! 20 сентября не смог реализовать перевод собственных средств из Сбербанка на свой счёт в другом банке. Перевод был заблокирован системой, по соображениям безопасности, хорошо, понятно, но после обращения, звонка, на номер ...",Сбербанк Онлайн
"Я очень не довольна как работает Сбербанк, внесла деньги 10 сентября, банкомат сожрал 50 т.р. выпленул чек об ошибке внесения ден средств. Обращение оператор зарегестривала, сама проговорила мне что срок рассмотрения до , но возможно быстрее....",Банкоматы
". обратились в отделение № Сбербанк г. Москва, ул. Новокосинская, д. 36 Б. с целью продлить действие эскроу счета. В заявке указали номер эскроу счета из договора на эскроу. 2. На следующий день позвонили и...",Ипотека
"Приветствую всех. Столкнулась с кошмарной ситуацией и сервисом от сбера. Оформила подписку сберпрайм по акции в августе на целый обещанный год, но в сентябре сбербанк, без каких либо видимых на то причин, отменил подписку, не предупредив и не...",СберПрайм
"Вот пожалуй и я оставлю свой отзыв по взаимодействию со Сбером. Начну с того, что являюсь их клиентом с года. Было всякое, и банкомат деньги забирал но не зачислял, и при переводе на брокерский счет деньги не списывались, но при этом карта...",Банкоматы
"Доброго времени суток. Не хотел оставлять негативный отзыв, но все же после беседы с поддержкой банка остались вопросы. В августе подключил подписку сберпрайм по акции от банка на 1 год бесплатно! никаких дополнительных условий не было!...",СберПрайм
"Увы, вот и меня постигла проблема с блокировкой сберспасибо, документы отправил на проверку несколько дней назад (всего 1 чек), в ответ: Ждите, срок проверки зависит от сложности. Хотя в чем сложность один чек сверить, не понимаю. В надежде...",СберСпасибо
"Постоянно не работает приложение на андройде. Не удивляйтесь если получили кредит и подписали договор но денег вы не увидели) жду уже неделю поступления на счёт кредитной карты . Хотя кредитное время до очередного платежа уже идёт. Но в сбербанке...",Сбербанк Онлайн
"Взял автокредит ,купил авто за ,.банк отказал брать авто в залог по причине не соответствия рыночной стоимости. Такие автомобили в данном техническом состоянии стоят дороже. Покупал через авито, там была указана рыночная стоимость. От...",Автокредиты
" с помощью автоплатежа было оплачено страхование ипотеки, в Сбербанк онлайн был оплачен пакет домклик плюс, страховки на недвижимость и жизнь и здоровья действуют до августа года. 18 сентября мне пришло смс сообщение, что...",ДомКлик
"Дал себе обещание обязательно оставить второй отзыв на пятерку. Считается, что отзывов с плохой оценкой всегда оставляют больше по свежим эмоциям на негативе, но бывает и обратная ситуация. В моем случае разительный контраст после предыдущего...",Другие
"В сентябре текущего года была оформлена семейная ипотека через сайт Д клик от Сбера. В этом же месяце нашли недвижимость , работали с риэлтором , но когда встал вопрос об оформлении сделки, нам сообщили, что в Сбере закончились лимиты на семейную...",Ипотека
"Решила подать заявку на реструктуризаци, поскольку лишилась работы и попала в очень тяжелую финансовую ситуацию. В итоге пришло следующее сообщение от банка "заявка на реструктуризацию одобрена. Вам необходимо подписать документы...",Кредиты
"Банкомат внёс вместо 96 000 руб всего 6 000 руб. Сняла с кредитной карты, отдав за это , желая внести на карту для погашения кредитки. будет выставлен процент на весь срок в 200 дней в сумме руб. А вложить нечего, очень...",Банкоматы
"Пришёл в доп.офис № в Краснодаре по улице Ставропольская, снять деньги со сберегательного счёта по доверенности. Очереди почти не было. Меня вызвала специалист к окну №6. Я предоставил оригинал доверенности, свой паспорт и номер счёта....",Обслуживание в отделении
" общедоступным способом мной было получено предложение потестировать подписку Сбер Прайм в течение 1 года. пришло смс о том, что оно закончилось досрочно, так в одностороннем порядке решили представители банка. Единственным...",СберПрайм
"В мае г. получили выписку по счету без всяких проблем. .г. обратились в тот же банк, с теми же самыми документами, в выписке было отказано. Сотрудник мотивировал тем, что у них поменялась программа и теперь нужно предоставить...",Обслуживание в отделении
" мной был открыт вклад в банке но деньги банком были утеряны о чем было составлено обращение и претензия. На минуточку р. после угроз и многочисленных обращений деньги нашлись и были начислены на счет. Банк готов был...",Вклады
"онлайн банк выдает сообщение о недействительности паспорта и соответственно все переводы даже между своими счетами заблокированы, и вопрос не могут решить. предлагают ждать 30 дней. ужасно решаются вопросы, сбербанк не любит своих клиентов и делает...",Сбербанк Онлайн
"Прошу обратить внимание на работу данного БАНКА!!!! Брали ипотеку нас строительство в году!! Выполнили все условия банка,разместили заблаговременно соответствующую документаци!!! Но через месяц сюрприз,они нам подняли ставку!!! как это...",Ипотека
"Заказал доставку карты курьером на 16 сентября по итогу никто не привез и даже не позвонил. Позвонил в банк узнать в чем дело- никто ничего не знает, на вопрос где карта моя - также нулевая информаци. Составили обращение до и повторно...",Обслуживание в отделении
"Уже неделю отпуска потратил на то, чтобы снять пенсию своих дедушки и бабушки по консульской доверенности. Такое чувство, что это не банк хранит их деньги и обязуется выдать по первому требованию, а это они выпрашивают у банка деньги и не хотят их...",Обслуживание в отделении
"Здравствуйте! Среда .г. На балансе моей карты МИР было .66р Перевод из Банк Санкт-Петербург .00р Должно получиться как учили в школе .66р. Баланс после перевода: - р Куда делись деньги с карты...",Сбербанк Онлайн
"Как и многие, я подключил по акции подписку Сберпрайм в августе. В сентябре, как и у всех, в одностороннем порядке мне ее отключили, без уведомлений. Написал в поддержку с вопросом почему так случилось, сослались на то, что была техническая...",СберПрайм
"Прислали информацию о том, что могу подключить подписку Сберпрайм за ноль рублей в честь др сервиса. Прошла по уведомлению, но далее приложение предложило оформить за деньги, за 199 рублей. Позвонила в поддержку, сказали, что ранее на свой др такое...",СберПрайм
"Был теплый осенний вечер, когда согреваемый уходящими лучами осеннего солнца я решил заглянуть в магазин, чтобы спасти от суицида мышь в холодильнике. Воодушевленный предвкушением скорого ужина на кассе я обнаруживаю, "недостаточно средств" на...",Другие
"Здравствуйте. Не хотелось конечно писать, но взяла обида и страх за свои средства. Була возможность недавно подключить подписку Прайм по промокоду аж на год, вот думаю какие молодцы даже подумывал открыть вклад, раз такие молодцы и красавцы, но как...",СберПрайм
" г. Обратились для подписания кредитной документации в офис Сбербанка по адресу: ул. Дзержинского номер отделения , менеджер К-ва О. С. Всё время подписания менеджер ошибалась, все сотрудники отделения ей помогали, куча...",Обслуживание в отделении
"Обратилась в Сбербанк для оформления ипотечного кредита по Семейной программе. Заявку одобрили по ставке7% и сообщили что для снижения ставки до 6% необходимо купить услугу домклик плюс (стоимость почти в год) и эту услугу необходимо...",Ипотека
"Добрый день,Хочу оставить негативный отзыв о работе банка с продуктом "Образовательный кредит". мною были предприняты две попытки осуществления трашна по оплате за учебу с помощью образовательного кредита. В двух разных отделения мне не...",Кредиты
"У меня на счетах в сбере была сумма, при которой Сбер бесплатно дает пакет услуг СберПервый. Подключен был 14 го числа ив лк под ним так же отображается период его действия, последняя надпись гласила: "действует до ". Тоесть это...",Другие
"Еще раз хочу написать о том, какие неквалифицированные сотрудники в онлайн чате для бизнеса в Сбере. Не мог разобраться с тарифами по действующему эквайрингу. Написал в чат. Дали инструкцию, что нужно отправить запрос, на него ответят и сообщат...",Сбербанк Бизнес
" общедоступным способом было получено предложение потестировать подписку Сбер Прайм в течение 1 года. тестирование закончилось досрочно, так в одностороннем порядке решили представители банка. Единственным аргументов является...",СберПрайм
"Моя мама , В-на А. Е., 84 года , пенсионер, герой Труда, дитя ВОВ, инвалид 2 группы пришла в отделение Сбербанка в г. ФЕОДОСИЯ по улице Украинская , 17 сентября. У неё возникла проблема в переводе рублей с её счёта на мой...",Обслуживание в отделении
" моя свекровь пришла в отделение сбербанка в Костроме для межрегиональной сделки по продаже своей квартиры, покупатель был в Мурманске. Сделка была с аккредитивом, ипотека без первоначального взноса с залогом квартиры продавца в мурманске....",Ипотека
"Здравствуйте, у меня действуют ограничения на карте, платежи по ипотеке вношу через брата. Я закинула платёж по ипотеке брату, чтобы у него через услугу "Помощь близкому с кредитом" списали за кредит. Он оформил поручительство на списание в...",Ипотека
"Здравствуйте! У меня есть кредитка. Сегодня утром Сбербанк решил увеличить мой кредитный лимит, не предупредив, просто, как сказала оператор в чате - по инициативе банка, просто им так захотелось, смс с ее слов направляется только для...",Кредитные карты
"В августе, на сайте сберпрайма, была акция по бесплатной подписке на год, оформил и забыл, начал пользоваться сервисом сберзвук, а сегодня обнаружил что он не работает, увидел что нужно оформить подписку сберпрайм, в чате от бота узнал про...",СберПрайм
"В июле месяце года пришел написать заявление о закрытии кредитки от Сбера. Подписал, вышел с офиса, пришла смс что кредитка будет закрыта (кстати почему-то через месяц). Прошел месяц, но карту так и не закрыли, позвонил на , там начали...",Кредитные карты
"заблокировали карты и счет , новую открыть не дают, при этом давно являюсь клиентом банка и пользуюсь подписками и прочим. При этом не понятно , почему если конфронтация, просто нельзя перевыпустить все мои карты, а не блокировать все мои счета !...",Блокировка
" жена переводит мне бонусы(перевод кстати с комиссией 15%) . По номеру телефона который много лет привязан к договору сбербанка. У нее бонусы уходят, но до меня не дошли. Ждём день ...ноль эмоций. Пишу в поддержку мол, где? Ответ, что...",СберСпасибо
"Здравствуйте, помогите пожалуйста в решении вопроса! года взял ипотеку на строительство жилого дома, в марте года присвоили кадастровый номер дома, в виду условий работы с апреля по август отсутствовала возможность проведения...",Ипотека
"Оформили ипотеку в Сбербанке, решив, что банк надёжный, и проблемы какие-то вряд ли возникнут.. Но, нет.. В ипотечный кредит взяли у банка под ,7 процентов на 30 лет. Заранее рассчитывали на сколько снизится платёж по ипотеке , если...",Ипотека
"Вчера позвонили из банка, сказали, что моя карта заблокирован из-за компрометации данных(не 115фз). Сегодня решил ее перевыпустить, а банк пишет, что не могу т.к отказано в условии обслуживание. Я не понимаю почему по такой причине мне не дают...",Кредитные карты
"Здравтвуйте. я инвалид 2 группы, со стойким нарушением опорно-двигательных функций,- крайне тяжёлая диемиелинизирующая аконально- мотрно сенсорна полинеёропатия нижних и верхних конечностей, в стадии прапареза. Передвигаюсь с тудом и только в...",Обслуживание в отделении
" банк в одностороннем порядке отключил подписку Сберпрайм сроком на 1 год. Написал в ТП мобильного приложения в , на основании какого пункта оферты было произведено отключение. На момент ответ в чате не получен, хотя...",СберПрайм
"Отключили доступ к большинству услуг в Сбербанк Онлайн. Переводы и любые платежи сделать нельзя. Обоснование отключения Онлайн платежей - ваш паспорт недействителенен. При этом мой паспорт действителен и на сайте МВД, на госуслугах полностью...",Сбербанк Онлайн
"Добрый день! С закончилась моя подписка на домклик плюс. При неоднократном обращении в сбербанк и домклик слышу одно и тоже в случае неоплаты ставка будет повышена. Я хочу понять почему? У меня ипотека господдержка на тот...",ДомКлик
"Ужасный и совершенно сырой сервис. При оформлении ипотеки год назад для снижения ставки обязательно нужно было оформить подписку домклик плюс. Спустя год пришло время её продлевать: в мобильном приложении такой функции нет, на сайте такой функции...",ДомКлик
"В начале года оформил годовую подписку СберПрайм за деньги. В июне включил подписку НовыйСберПремьер. Три месяца выполнял условия подписки НовыйСберПремьер, было всё нормально. Далее перестал выполнять условия подписки после чего она...",СберПрайм
"Закончился срок действия кредитной карты и сбер самостоятельно подключил страхование при перевыпуске карты. Ранее страховка на старой карте была отключена. Уведомление о подключении страховки по новой карте не было. Не сразу заметила списания...",Страхование
"Не так давно подключил подписку СберПрайм по акции на год. Сегодня зашел в приложение и заметил, что Сбер в одностороннем порядке в ТИХУЮ без всяких уведомлений и объяснений удалил подписку. Это просто беспридел. О какой клиентоориентированности...",СберПрайм
"Итак. 11 Августа отправлял международный перевод(в Казахстан) деньги не дошли, подождал пару дней и оформил обращение,. сказали ответят 22го, ну ок, 22 приходит смска о том что срок рассмотрения увеличен до !!! Вы обнаглели??? ну ок....",Денежные переводы
"Мой кредит из Драйв Клик Банка передали в Сбербанк. В связи с этим, для разъяснения всех возникших вопросов,обратилась в отделение Сбербанка на ул.Валовой г. В . Хочу выразить огромную благодарность сотруднику банка Игорю,на...",Обслуживание в отделении
" оформил образовательный кредит. Мне не выдали документ, что средства направлены на счёт учебного заведения. Вместо этого мне навязали кредитную карту и сказали, что это обязательно и она идёт вместе с образовательным кредитом и я не могу...",Кредиты
"После квалифицированной консультации менеджера отдела корпоративных клиентов МБ П-ш Ирины, открыли р/с. Удивлены возможностям Личного кабинета СБЕРБИЗНЕС, его сервисы важны для работы руководителя. Будем изучать! Обращались несколько раз с...",Сбербанк Бизнес
"В апреле года заказала детскую карту через приложение Сбербанк онлайн. После получения смс-уведомления о получении карты доп офисом, обратилась туда со всеми необходимыми документами для получения. Карту выдать не смогли, и из-за отсутствия...",Обслуживание в отделении
"В общем как понятно из заголовка, Сбер, отменил подписку в одностороннем порядке, даже не уведомив никак. При этом в поддержке, постоянно талдычат про техническую ошибку... Но банк почему то забыл про договор купли продажи(ст 307 ГК РФ), который мы...",СберПрайм
"Прохожу процедуру банкротства, ежемесячно получаю разрешение на распоряжение ДС от фин. управляющего, в офис сбербанка вновь принёс такую бумагу, счёт так и не разблокирован (сегодня ), поддержка не может даже ответить на...",Обслуживание в отделении
"По акции подключал подписку сберпрайм на год за 0 рублей. Потом пришло смс, что из-за технической ошибки подписка отключена. Однако в оферте я не видел право банка отключать подписку со ссылкой на технические ошибки. Сберовский Салют - это...",СберПрайм
"Периодически оплачивала коммунальные счета по квартире, которая оформлена на свекровь, со своей карты. Теперь мне с номера 900 приходят СМС о выставленных коммунальных счетах по ее лицевому счету. То есть я не являюсь владелицей квартиры, не...",ЖКХ
"Оформил по акции банку подписку сберарайм на один год за 0 р. Спустя некоторое время подписку автоматически отменили, прислав смс, ссылаясь на техническую ошибку в банке. Не лояльное отношение к клиенту отменять подписку в одностороннем...",СберПрайм
"Одобрена семейная ипотека (кредитный договор № от , на данный момент в процессе оформления сделки (у застройщика бронь стоит до ), однако сбербанк не может мужу выпустить цифровую подпись из-за технической ошибки!...",Ипотека
"В августе года я увидел предложение о подключении подписки сберпрайм на год за 0 рублей, так как являюсь клиентом банка и использую некоторые сервисы, было решено воспользоваться данным предложением. Все подключилось и работало, но вскоре...",СберПрайм
"В принципе, банк меня всем устраивает, но об обмане с подпиской не могу молчать. Я оформила подписку Сберпрайм на год за 0 рублей в августе, но банк отключил её в одностороннем порядке , объяснив это сбоем. Такое поведение я считаю...",СберПрайм
"В августе - начале сентябре Сбер проводил акцию с двойным кэшбэком - базовый от банка и повышенный от партнёра. Один из партнёров был Бургер кинг. Совершал покупки в Бургер кинге и был уверен, что кэшбэк 20% начислится. За другие покупки (в ленте...",СберСпасибо
"Подключал годовую бесплатную подписку СберПрайм , . Спустя некоторое время пользования, пришло СМС о том, что эта бесплатная подписка оказалась технической ошибкой со стороны Сбера и была отключена Сервисом. Я, как пользователь...",СберПрайм
"Хочу рассказать ситуацию с банком как я переводила человеку деньги переводом через приложение.на следующий день банк отклонил заявку .Но обратно деньги мне не вернулись и человеку кому я переводила тоже !Они просто испарились .Звоню пишу в банк они...",Денежные переводы
"Добрый день! В первый раз столкнулась с таким ужасным сервисом и качеством обслуживания. С начала сентября перестала работать программа Сберспасибо. 1. В сболе пишет, что сервис временно недоступен, повторите попытки через 5 мин... Но не через 5...",СберСпасибо
"заблокировалась карта по 161-фз, на карте остались средства, я пошел в офис Сбербанка по адресу Московский проспект, . Взял талон наличные пришла моя очередь, вызвали в окно с кассой, я обьяснил свою ситуацию и потребовал вывод средств и...",Обслуживание в отделении
"Обменял 7660 балов на рубли по тарифу 0,50₽ сегодня дегьги не поступили !!!сотрудники в чатах и колцентр , горячая линия разводят руками , вопрос никак не решают!!! .Игнорируют , пишут о том что нечего не могут сделать якобы...",СберСпасибо
"13 августа в приложении была подключена подписка СберПрайм на год. Сегодня обнаружил, что подписки нет без каких-либо предупреждений. Так держать! P.S. В году списали 2000 рублей неправомерно за обслуживание расчетного счета, так как...",СберПрайм
"Отвратительная работа: Заказ от № Н из магазина Магнит семейный 1.Не начислили Бонусы за выполнение цели 200 бонусов Обращений по телефону и через чат около 10+ было за месяц, ответов чуть меньше потому что операторы...",СберСпасибо
"Наглости этого банка нет предела. С начала августа текущего года я преобретал топливо для работы на загородном участке, сумма бонусов подкопилась приличная. Так эти сберонегодяи самовольно, без какого-либо предупреждения, не запросив никаких...",СберСпасибо
"В прошлом году повесили 115фз , 13 мая подал обращение о том что не использую банковские карты для осуществления предпренемательсой деятельности и прошу разблокировать мой личный кабинет и доступ к банку.В итоге никакого ответа от них я не получил...",Сбербанк Онлайн
"Отправил перевод через приложение Сбербанка супруге на турецкий ибан, 6 сентябряа, деньги списались, но не пришли. Обращался в турецкий банк, перевода не видят. Неоднократно обращался в Сбербанк, сначала сказали ждать 5 рабочих дней, потом...",Денежные переводы
"Добрый день!Недавно посетил офис Сбербанка для Премьер-клиентов и, к сожалению, остался крайне недоволен обслуживанием. Во-первых, при вызове моего талона в кассе обслуживали другого клиента вне очереди. В результате мне пришлось ждать дольше...",Обслуживание в отделении
"Как и многие подключил годовую подписку СберПрайм. Видел, что сбер рассылает людям смс о технической ошибке и отключает подписку. У меня такого не было, смс, пуш или письмо не приходило. Подписка продолжала работать и была активна до августа 25...",СберПрайм
"Никогда не возможно дозвонится. Менеджер свяжется через 15 минут. Никогда никто не перезванивал через 15 минут. Через дня два если вдруг соизволит. Ожидание 20, 30 минут и просто сброс. И все равно какой важности вопрос! Контакт центр работает...",Обслуживание в отделении
" обратилась в всп по адресу старокачаловская 5А, для выдачи со счета через операциониста детских пособий. У 3 разных сотрудников на этапе подтверждения выдачи средств была ошибка "ошибка по техническим причинам". Требую устранить данную...",Обслуживание в отделении
"Добрый день. Очень и очень проблемный банк. Взяли ипотеку на строительство дома. Дом каркасный. Строим своими силами. Первые два транша банк выдал без проблем. А вот на выдачу последнего понеслась канитель. Для завершения строительства необходим...",Ипотека
"Удосужилось мне иметь подписку СберПремьер в Сбербанке благодаря премиальному пакету. В сентябре у меня переключался пакет на другие условия и был какой- то сбой В результате которого не мог я воспользоваться ни онлайн кинотеатром ни в самокате...",Другие
"Здравствуйте! 1.У меня не пришёл кэшбек после заправки на АЗС, оператор сказал, что выставлен неверный ММС торговой точкой, поэтому оплата прошла как по QR-коду и теперь идите разбирайтесь с продавцом, чтобы он код поменял, только после этого...",СберСпасибо
"Очень расстроилась из-за того что сбербанк такой значимый и крупный банк отключил у меня оформленную в личном кабинете банка подписку СберПрайм на 1 год. Подключила в середине августа через личный кабинет мобильного банка на 1 год подписку...",СберПрайм
" сделали покупку на Мегамаркете, оплатили (номер заказа: ), но затем отменили. В истории списания средств указано, что маркетплейс произвёл возврат. НО! Но есть два важных, вызывающих крайнюю степень негодования, момента....",Другие
"30 августа получил сообщение от сбербанка, что из-за технической ошибки мне отключат подписку сберпрайм. Подписка на год была оформлена 13 августа по спец предложению банка на официальном сайте сбербанка. Зайдя в приложение 1 сентября я обнаружил...",СберПрайм
"После смены генерального директора передали все необходимые документы в сбер уже после появления всех изменений в ЕГРЮЛ (онлайн это сделать невозможно, так как сбербизнес перестал работать и доступ не работает). В офисе сказали, что активируют...",Сбербанк Бизнес
"При оформлении кредитов онлайн, мне не были предоставлены копии договора. Их просто не оказалось в личном кабинете , в офис за копией никто не пригласил. Спустя года сложилась ситуация , где мне пришлось закрыть свое ИП. За месяц до отправления в...",Кредиты
"Оставил сегодня обращение банку Т.к. несмотря на массовые обращения клиентов банка, решить мой вопрос в режиме диалога не представляется возможным, насколько еще должен упасть рейтинг банка, чтобы каждому клиенту, у которого...",Обслуживание в отделении
"Добрый день,у сбера была акция до 10 сентября с повышенным кэшбэком до 30 % в разных категориях,я выбрала Купер одну из категорий ,там было 30% от заказа возвращалось бонусами. 17 августа было 2 заказа,там правильно начислили бонусы,а вот последний...",СберСпасибо
"Отключили подписку подключенную на год. Узнал только во время попытки воспользоваться сервисом ОККО. Изначально ссылались на какой-то сбой и что меня предупреждали заранее об отключении, но когда я отправил скриншоты что никаких сообщений не было...",СберПрайм
"Месяц назад подключила подписку сбер прайм по промокоду. чек есть, подтверждение есть. спустя время увидела, что подписки в личном кабинете нет. Пишу в чат, мол, как это понимать. а они в ответ - технический сбой Был у нас, подписку отключили....",СберПрайм
" года была подключена подписка Сберпрайм на год. Сегодня без предупреждения ее отключили. Оператор в чате ссылался на какие-то ошибки банка. Но я то причём, в чём моя ошибка? Получается просто аннулировали договор в одностороннем...",СберПрайм
"У меня расчетный счет в Сбербанк Бизнесе. 10 сентября мне выдали кредит на сумму 200 тыс. рублей, но я смог оплатить только два счета на общую сумму 30 тыс. рублей. Больше списать нельзя, так как деньги не зачисляются на счет, а в платежном...",Сбербанк Бизнес
"Пару недель назад мною была оформлена подписка сберпрайм по акции. Но спустя несколько дней, я обнаружила, что ее отключили, так как произошел технический сбой. Я могла ожидать подобное от других банков, но не от сбербанка. Я много лет пользуюсь...",СберПрайм
" обратилась в офис по частичному погашения ипотеки путем оформления заявления на досрочное частичное погашение. Старший менеджер минут 10 не хотела оформлять, ссылаясь на то что я могу сама это сделать в приложении. После оформления в...",Обслуживание в отделении
"я строю дом по ипотеке от сбербанка , выдаче денег траншами на каждый этап строительства , сейчас последний этап , это внутрення отделка , я уже 20 дней загружаю информацию и каждый раз получаю запрос на дополнительные документы , хотя до этого их...",Ипотека
"В продолжении моего первого отзыва по закрытию ИП через Сбер. Ипопея продолжается, помощь от Сбер Решения оказалась ложной. Помогли подготовить документы, для ликвидации ип через сервис Сбер Решение. Один отчет за 1 квартрал был принят...",Сбербанк Бизнес
"Недавно я столкнулся с интересным, но в то же время неприятным опытом взаимодействия с Сбербанком, который хотелось бы поделиться. Как и многие другие пользователи, я стал одним из участников акции, предлагающей бесплатную подписку на определённые...",СберПрайм
"У банка была акция о подключении подписки сберпрайм на год бесплатно, буквально вчера мне её отключили, оказалось что это была техническая ошибка, я немного расстоился и решил написать в поддержку оператор Евгения всё объяснила и в качестве...",СберПрайм
" на мой счет было совершено 2 входящих платежа, которые отображаются в истории поступлений по счету. Однако на самом счете они не отображаются, а висят "на исполнении" уже неделю. Как средства могут быть на "исполнении" у банка...",Сбербанк Онлайн
"Внезапно обнаружил в приложении, что по давно забытой просроченной (срок действия был до года) появился отрицательный баланс -150 руб. Ни уведомлений, ничего не было. Карта неактивна, перевести на нее ничего не мог, она не высвечивалась....",Кредитные карты
"Добрый день! Подключила подписку сберпрайм на год до . без уведомления причины сбербанк отключил подписку. В мобильном приложении написала банк на связь не выходит.",СберПрайм
"В середине августа воспользовался акционным предложением- промокодом на подключение подписки Сберпрайм на 1 год . Сегодня (2 сентября ) приходит смс от банка , что это была техническая ошибка , и подписку отключат 1 сентября (причем прошу...",СберПрайм
" мне пришла информация что мои паспорт недействительный и обновите информацию через госуслуги. Все ваши действия ограничены в онлайн приложении. После этого я позвонил на 900 и узнать что случилось. Мне сказали что необходимо подойти в...",Сбербанк Онлайн
" была подключена подписка Сберарайм на год. Сегодня без предупреждения ее отключили. Оператор в контакт-центре никакого пояснения не дал. Твердил про какие-то новые условия. И что надо заново оформить подписку. С более компетентным...",СберПрайм
"Доброго времени суток. Вначале августа увидел рекламу на официальном сайте сбера: Годовая подписка Сберпрайм за 0 рублей. Заманчивое предложение, подключил. Сегодня захожу в Сбер онлайн и вижу, что по карте задолженность -150 р за...",СберПрайм
"В августе 2024г подключил на официальном сайте Сбербанка бесплатную годовую подписку сбер прайм по промокоду, который нашел в интернете. На днях подписка исчезла, как будто ее никогда не было. Непонятно на каких основаниях банк в одностороннем...",СберПрайм
"Была акция, по акции была подключена годовая подписка Сберпрайм. Сегодня захожу, подписки нет. Не предупреждения, ничего, на каком основании была отменена подписка? Судя по комментариям, я ни один такой, но ответ всё-таки хотелось бы получить....",СберПрайм
"Взял автокредит на покупку поддержанного автомобиля. Сразу после покупки начались проблемы с предоставлением документов в залог. Сначала документы не принимались потому что стоимость авто должна быть 80% от стоимости кредита, хотя данное...",Автокредиты
"Добрый день! Отключили годовую подписку Сберпрайм. Хотелось бы продолжать смотреть Окко, т.к. Очень хочется смотреть Лигу Чемпионов... Техническая ошибка была с вашей банка. Я как клиент просто принял офферту предложенную Сбером. Горькое...",СберПрайм
"13 августа по спец предложению банка оформил подписку сбер прайм на год бесплатно, на официальном сайте сбербанка. Недавно обнаружил, что это была техническая ошибка и подписка в ближайшее время отключиться. Очень жаль что сбербанк не берет на себя...",СберПрайм
"Месяц назад подключил по специальному предложению подписку Сберпрайм на 1 год. Сегодня без уведомления подписка была отключена в одностороннем порядке. Банк ссылается на свою внутреннюю ошибку и предлагает взамен подписку всего на 2 месяца. С моей...",СберПрайм
"Являюсь зарплатным клиентом Сбера с оформленной ипотекой у них же. В августе подключил годовую подписку СберПрайм от Сбера. 30 августа пришло СМС сообщение, о том что подписка подключена в связи с технической ошибкой и будет отключена. 12...",СберПрайм
"Оформил подписку Сберпрайм на сайте Сбербанка бесплатную на 1 год в августе 2024, чему был очень рад, что банк осчастливих своих клиентов. Но 30 августа пришло смс, что подписка аннулируется и это техническая ошибка. Огорчение небыло предела, о чем...",СберПрайм
"Оставляю негативный отзыв! При посещении отделения Сбера № в г. Зарайске, после взятия талона эл. очереди прождав более 30 мин моя очередь так и не наступила, пришлось обратиться к руководителю отделения, только после этого направили к...",Обслуживание в отделении
"Закрыл я всю задолженность по кредитной карте. И хотел как в любом нормальном банке( один на букву Т начинается, другой на букву А), сделать это быстро и оперативно. Сэкономить своё время, потому что работаю много и ходить по банкам это уже 19 век....",Кредитные карты
"Оформил заявку на ипотеку, пришло одобрение. В процессе диалога с менеджером просил рассмотреть заявку на увеличение лимита с до (то есть на ). Приложил документы, подтверждающие дополнительный доход: налоговая...",Ипотека
"Взял ипотеку на строительства дома Ипотека выдается траншами, 1й транш освоили - построили фудамент, далее нужно подтвердить строительство через Рососмотр - № осмотра Тк нахожусь в Крыму, навигация не работает и геометка к фото и видео...",ДомКлик
"Добрый день! Офрмила покупку ноутбука в кредит через приложение онлайн(Сбер) на сбермегамаркете. Продавец отменил поставку товара. Через неделю после заказа, деньги вернулись, но за это время сбербанк начислил проценты за пользование кредитом...",Кредиты
"Банк в одностороннем порядке отключил годовую подписку Сберпрайм. Приходила смс, в которой банк сослался на какие то свои неполадки и взамен предложил какую то ссылку для активации подписки сберпрайм, сроком на 2 месяца. Меня конечно же такое...",СберПрайм
" посредством рекламной рассылки было получено предложение подключить подписку СберПрайм на 1 год за 0 руб. пришла смс о том, что это была "техническая ошибка" и банк в одностороннем порядке отключил подписку. Сегодня написал в чат...",СберПрайм
"Добрый день! Я являюсь представителем интересов по нотариальной доверенности для нескольких лиц. Сбербанк им заблокировал карты с денежными средствами по компрометации, при попытке снятия денежных средств по доверенности, которые заранее были...",Обслуживание в отделении
"Здравствйте . Хочу поделиться своим опытом взаимодейтсвия с банком . Я давно пользовался их банком в повседневной жизни , постоянно пользовался подрисками , была кредитная карта , ну все как положено у нормального человека . В один день они взяли и...",Кредитные карты
"Объясните пожалуйста. Недавно оплачивали квитанцию ЖКХ и почему до сих пор берут комиссию с пенсионеров при оплате в мобильном приложении коммунальных платежей? Вышел же закон с 1 июля года комиссию всем банкам не брать с пенсионерлв. Итог -...",ЖКХ
"В мае заказал - Бесплатная Детская СберКарта. Приходила СМС, что карта изготовлена, в отделении говорят, что она не готова, и так по кругу бесконечному. Сотрудники часами при мне выясняют, обзванивают, потом говорят, что технический сбой. В...",Обслуживание в отделении
"Здравствуйте! Пишу здесь от безысходности, потому что уже не знаю куда обратиться. У моего сына имеется детская карта Сбербанка, которая оформлена в г. Рязани ~ в г. В он потерял её в г. Москве и тут же перевыпустил тоже в Москве....",Обслуживание в отделении
"Некогда Сбербанк был №1. Организация процветала, улугами пользовалась большая часть населения страны. В последние годы, теперь уже СБЕР, опустился на самое дно. Все новвоведения и мероприятия направлены против клиентов. Провели оптимизацию...",Другие
"Добрый день! Являюсь представителем юр. лица, несколько раз обращались с заявлением об отзыве исполнительного документа, однако его не отзывают. По информации в контакт центре исп производство все еще идет, предлагают обратиться в отделение, в...",Обслуживание в отделении
"Попытка расплатиться бонусами СберСпасибо, это квест не для слабонервных! пытаюсь оплатить интернет-заказ в магазине. Система выкидывает меня из раза в раз. Попытки авторизоваться по СберID тщетны. Т.е. сообщения о том, что я вошел есть...",СберСпасибо
"Являлась клиентом с 2000 годов.с апреля 21го перешла на другой банк и не жалею.женщине нужно было эмоций, зашла в сбер 2 сентября открыла карту моментум, просила сотрудников, чтобы не подключали телефон для переводов. К сожалению, перевод поступил...",Обслуживание в отделении
"Произошла очень странная история со счетом в сбере. На прошлой неделе у меня списали 350 000 рублей, причем в минус с дебетовой карты. Тип операции Возврат, отмена операций, и справка подписана директором дивизиона Забота о клиентах.Вот уже...",Сбербанк Онлайн
"Подала на реструктуризацию еще , максимальный срок рассмотрения заявления 5 рабочих дней. Сегодня уже и тишина. Звонила в колл-центр , составили заявку, сказали что перезвонят, ...",Кредиты
"В рамках акции подключил на 1 год за 0 рублей подписку Сберпрай, заменив действующую на тот момент. Специально задавал вопросы, ее отменят или она действительно год будет действовать, отвечали, что будет действовать год. После оформления подписки...",СберПрайм
"Здравствуйте, являюсь клиентом премьер, открыл приложение и вижу что программа сберспасибо заблокирована, бонусов там и не было, в месяц начислиля по - бонусов за покупки, бонусы тратил в самокате либо купере на доставку, на горячей линии...",СберСпасибо
"прошу Вас наладить работу Вашего банка. что за издевательство гонять человека Туда сюда. пристав направил в банк посредством веб-сервиса ходатайство о сохранении прожиточного минимума на моем счёте,спрашиваю в банке почему не...",Обслуживание в отделении
"В году я оформила автокредит на 7 лет в Драйв Клик. Исправно выполняла свои обязательства, без просрочек. мне пришло смс от Драйв Клика о том, что мой договор был переуступлен. Новый кредитор - Сбер. Да, такое может быть, это...",Автокредиты
"Добрый день! Произошла блокировка бонусного счета СберСпасибо ещё (со слов тех. поддержки). В приложении висит сообщение, что разблокируются в течение 48 часов или на связь выйдет специалист, но ни первого, ни второго события не...",СберСпасибо
"В августе в интернете нашёл предложение Сбербанка о подключении пробного периода подписки СберПрайм на год с дальнейшим продлением. Воспользовался предложением и подключил подписку, все было хорошо, но уже от номера 900 приходит СМС...",СберПрайм
"Оформила кредит на покупку электроники. В итоге кредит оформлен, платеж в магазин не прошел. Я осталась с одобренным кредитом и ежемесячными платежами без нужного мне товара. Никто толком ничего не объясняет. Оформила кредит , в...",Кредиты
"Я являюсь доверенным лицом двух клиентов банка сбербанк. На протяжении последних двух недель в отделениях система не дает закрыть счета данных клиентов и получить денежные средства, которые вы удерживаете уже больше 7 дней, что является нарушением...",Обслуживание в отделении
", а со мной случилась неприятная история, оплачивала покупку по кур-коду. Оплата у продавца не прошла, с меня же списали деньги в этот же день не тянув, ни минут обратилась в банк. Со всеми чеками. Составили обращение, обращение было...",Сбербанк Онлайн
"Вчера в отд.банка делали перевод - платежное поручение. Сначала не могли оформить с внесением наличными средствами. Предложили положить на счёт. Почему то положили на накопительный мой счёт. Платежное поручение сформировали - не дали проверить...",Денежные переводы
" через банкомат Сбербанка в городе Краснодар вносила денежные средства в размере 15 000 на карту ...1365, для покупки билетов на поезд, при внесении наличных произошел сбой, на карту не зачислились деньги, банкомат выдал чек "...",Банкоматы
"Мне 85 лет. 2 сентября снимала пенсию. На карту банка (по ней я совершаю автоплатеж за коммуналку, я положила 5000 рублей) Проверив остаток,я поняла,что средств на коммуналку заплатить не хватит. Позвонила тел ,почему сняли руб коп....",Сбербанк Онлайн
"Банк не снимает арест со счета , р/с, пао сбербанк, хотя задолженность уже была погашена с другого расчетного счета в альфе. Задолженность по 2 ип - - ИП от , -ИП от (всего...",Счета и вклады
"Второй отрецательный отзыв за один месяц. Подключил акцию двойной кэшбек от Сбер, и совершил покупки в Ленте и Купере. По условиям акции должен был получить максимальный кэш. Покупку совершил 16 августа. Были другие предложения банков, чуть...",СберСпасибо
"Я .г. внёс в банкомат сбербанка на дебетовую карту стороннего банка. Банкомат долго считал деньги и на экране написал, что произошел сбой. В итоге на карту зачислились , а оставил себе. Я обращался и в чат, который в...",Банкоматы
"Начиная с 7 сентября года, пишем, звоним, но так и не можем вызвать специалиста на дом для инвалдиа, что бы оформить карту для получения пенсии. Нас просто футболят, никто не перезванивает, никто не назначает встречу. Вообще сильно удивляет...",Обслуживание в отделении
"Добрый день! 8 августа привезла отца снять деньги с книжки. Сотрудницы банка его обступили и начали допрашивать зачем ему собственные деньги, а он, старый больной человек, вынужден был перед ними оправдываться как школьник, и при других...",Обслуживание в отделении
"Решил распрощаться с услугами этого банка, как только погашу кредит, ноги моей больше не будет в этой конторе. Отменили подписку сбер-прайм на год,отвратительное отношение к клиенту ( а я являюсь клиентом этого банка более 10 лет)говорят...",СберПрайм
"13 августа по спец предложению банка оформила подписку сбер прайм на год бесплатно, на официальном сайте сбербанка. 30 августа получила сообщение от сбербанка, что это была техническая ошибка и подписка отключится . Надеялась, что банк...",СберПрайм
"Сбер сегодня неожиданно написал, что мой паспорт недействительный. Хотя паспорт я не теряла, не меняла и т.д. Фамилию не меняла. Обратилась на Госуслуги, там сказали, что паспорт действителен, всё с ним в порядке. Когда пытаюсь перевести деньги...",Сбербанк Онлайн
"не тут то было. Через пару дней приходит сообщение, что это была их техническая ошибка и, через два дня подписку отключат. То есть, за их ошибку, расплачивается клиент. Прошёл срок отключения, думаю - одумались. Нет, не так, просто руки не...",СберПрайм
"Добрый день! Использую информацию о кредитном потенциале в приложении СберОнлайн Отображается в текущих обязательствах ипотека, которую больше года назад закрыл Заказал отчет НБКИ, там тоже кредит указан, как погашенныйЧто сделать, чтобы Сбер...",Ипотека
"Повторно убедительно прошу банк вернуть ошибочно поступивший мне перевод по СБП на сумму 320 рублей, вы создали мне проблему на ровном месте!!! я обнаружила перевод от неизвестного лица и подала обращение в банк...",Денежные переводы
"13 августа по спец предложению банка оформил подписку сбер прайм на год бесплатно, на официальном сайте сбербанка. 30 августа получил сообщение от сбербанка, что это была техническая ошибка и подписка в ближайшее время отключиться. Очень жаль что...",СберПрайм
"пришла в отделение банка, чтобы сообщить о смене фамилии (и естественно паспорта) и перевыпустить карты. у меня был платёжный стикер, при его перевыпуске, сотрудник не предупредил, что за него нужно опять платить 700 рублей! могу ли я...",Обслуживание в отделении
"Случилась со мной очень неприятная ситуация- купил телефон, и обратился в банк для установки приложения. Обращался на горячую линию, писал в чат, оставлял заявку на вызов специалиста, для установки приложения. Объяснял что нет физической...",Сбербанк Онлайн
"Около года плачу ипотеку в Сбербанке. При заключении договора ипотеки был приобретен пакет услуг Домклик Плюс, сочетающий в себе страховку и скидку на процентную ставку по кредиту. Вчера должен был списаться очередной платеж по...",ДомКлик
"Здравствуйте. Сегодня зашла в СбербанкОнлайн и увидела, что на моей дебетовой карте минус . Эту карту я завела в году для получения социальной зарплаты как приемный родитель. Позвонив вбанк узнала, что оказывается я не соблюла одно из...",Сбербанк Онлайн
"Здравствуйте! Аннулировали годовую подписку СберПрайм подключенную во время акции за 0Р оперируя сначала тем, что это была техническая неисправность, а после согласно условиям договора, банк вправе осуществлять изменения по продуктам в...",СберПрайм
"Оставлял заявление на расторжение договора и отказ от предоставления диных данных. После чего пришла смс о том что до все будет сделано и сообщено. Сегодня уже 9 числа, конец рабочего дня, от банка тишина. мы приняли ваше обращение...",Обслуживание в отделении
"В августе была оформлена подписка сберпрайм сроком на 1 год. Электронный чек имеется. Сегодня обнаружил, что ее отключили в одностороннем порядке. При этом банк ссылается на какой-то технический сбой, хотя в условиях подписки нет такого понятия....",СберПрайм
"Обратилась за консультацией к своему персональному менеджеру, чтобы узнать как перевести средства со счета ИП на счет физлица с минимальной комиссией. Мне подробно рассказали, что каждый день необходимо увеличивать лимит чтобы снять 500тыс руб...",Сбербанк Бизнес
"Пользовался сбером долгое время (это был мой первый банк, где я получил свою карту)Сегодня заметил, что у меня трижды списало по 150 рублей за карту, которой я даже не пользовался и не знал о таких условиях. Описал ситуацию в онлайн чате. Оператор...",Сбербанк Онлайн
"От Сбера устал (сервис ужасный), решил перестать пользоваться их счетом, спросил что сделать чотбы не списывались деньги за обслуживание счета, сказали если операций не будет - то и за обслуживание брать ничего не будут. Но получилось так, что надо...",Сбербанк Онлайн
"Ужасный банк. У меня демонтаровали и забрали терминал эквайринга а выставили авансовый платеж, безобразие. Мало того -обратился в банк девушка сказала что авансовый платеж не вернем потому что он авансовый, железная логика....",Эквайринг
"Добрый день , дамы и господа , оставляю отзыв , что бы кто то другой по ошибке не столкнулся с такой ситуацией , в общем у меня есть дебетовая карта Сбербанка и кредитная карта Сбербанка , по ошибке случайно положил свои наличные в размере 100 000...",Денежные переводы
"В прошлом году я взяла ипотеку, страхование жизни входило в пакет услуг ДомКлик+. Списание должно было произойти автоматически , но такого не произошло. Я обратилась в банк , сформировали заявку. Сегодня , никакого...",ДомКлик
"отключили подписку на целый год, сославшись на какой-то технический сбой, предложив оформить вместо нее подписку на 2 месяца, бросив кость, как собаке. ага, точно, себе оставьте. буду закрывать все счета там, давно хотел, спасибо за четкий намек...",СберПрайм
"Сегодня, в чате поддержки задала максимально подробный вопрос Есть д/с на счете несовершеннолетнего, хочу эти деньги переложить на вклад на имя этого же ребенка, какие документы нужны?, после нескольких уточняющих вопросов получила...",Вклады
"Отменили подписку сбер-прайм на год, наплевательское отношение к клиентам, ссылаясь на технический сбой, но я же купил её по установленной цене и правилам на сайте сбербанка. Получается, что можно любую подписку отключить если она не понравилась...",СберПрайм
" г. Сбербанк вдруг списывает два платежа со счета ИП (к которому привязана виртуальная карта Мир) на сумму 4596р. и 58933,75р. за установку газового оборудования в Газпромраспределение. И при обращении в чат банка мне объяснили, что это...",Сбербанк Бизнес
"Сегодня года в , мы с супругой через банкомат Сбербанка вносили денежные средства на мой счет в сумме рублей, одной пачкой 5000 купюр. Деньги были загружены в купюроприемник, банкомат их принял и далее на экране отобразилось...",Банкоматы
"Добрый день! Взяли ипотеку в сбербанке, там нас уверили, что данные в Росреестр будут внесены за пару рабочих дней. По факту (в последний день оформления) пришла отбивка, что срок увеличен еще на 5 рабочих дней! Кое-как разобрались...",Ипотека
"Здраствуйте на счет поступили социальные пособия на детей назначенные государством,в размер 221 тысяча 36 копеек,которые в ту же минуту до копейки,были списанны в счет кредней,оставив на счету 0.Эти выплаты на детей,приходят под...",Сбербанк Онлайн
"Решил получить доступ к очной верификации бизнеса при регистрации у себя в офисе. Позвонил на тех.поддержку партнеров , у меня спросили ИНН ИП. Продиктовал ИНН ИП. Оператор сказала уточнят информацию. Потом ответила что...",Сбербанк Бизнес
"Отключают подписку в одностороннем порядке,и потом говорят что это ваши про проблемы что вы ей пользовались.отклбчмои из -за какой-то тех ошибки,но в договоре про нее не указано.т.е.могут отключать что хотят и когда хотят.и кидают 2 месяца (как...",СберПрайм
"Сбер не устает неприятно удивлять свои клиентов. 13 августа года в одном из телеграмм каналов, которые постит всякие предложения и бонусы от банков появился пост, что сбер предлагает подписку СберПрайм бесплатно на год вместо 1990 рублей. Я...",СберПрайм
"Добрый день! уже 2 месяца пытаюсь разобраться с продлением пакета услуг Дом Клик плюс. сначала не могли прислать ссылку, по итогу ссылку на оплату прислали в чате дом клик. после оплаты сказали ждать когда все зачтется 10 дней, прошел уже месяц...",ДомКлик
"В августе года я увидел предложение о подключении подписки сберпрайм на год за 0 рублей, так как являюсь клиентом банка и использую некоторые сервисы, было решено воспользоваться данным предложением. Все подключилось и работало, но вскоре 30...",СберПрайм
"Была акция сберпрайм на год, которой я воспользовался. Банк сам хозяин своих слов и предложений, подписку отменили, предложили промокод на 2 месяца. Ставлю схожую оценку 2 из 10, равноценно же. Обращение в поддержку ни к чему не привело. Очень...",СберПрайм
"Чуть больше чем через две недели (.) после подключения (.) годовой подписки сберпрайм приходит сообщение от сбербанка о "технической ошибке и аннулировании подписки с 1 сентября"Предложение о подписке на 2 месяца считаю смешным....",СберПрайм
"Являлась клиентом много лет. У меня карта с индивидуальным дизайном. Была. в !!!!! Году. Потом через пару лет я от него отказалась. И вот в последний раз мне выпуситили по ошибке эту карту. Ладно. Карта на руках, что сделать. размагнитилась....",Кредитные карты
"Получил пуш уведомление от сбера, о том, что я могу оформить сберпрайм на год за 0 рублей. Оформил подписку, было указано что подписка действует до , но сегодня приходит сообщение что это технический сбой и они отменили мою подписку....",СберПрайм
" я через приложение банка сбербанка обратился к сотруднику Максиму по поводу начисления бонусов сбер спасибо по дополнительной карте. Сотрудники Егор мне подтвердил, что при оплате доп картой банка бонусы начисляются основному владельцу...",СберСпасибо
"Обслуживались в Сбере Первом в городе Самаре. Раньше обслуживались в офисе у Апельсина, однако стало неудобно туда добираться. Где-то с прошлого года стали посещать офис на Ульяновской 47, а с апреля перешли в данный VIP-офис на постоянное...",Обслуживание в отделении
"Добрый день! У меня списали деньги с детских пособий за кредит. Детские пособии неприкосновенные даже для приставов. Такое не в первый раз, но до этого я не знала что по закону они не имеют право на это и что обязаны вернуть. Пыталась позвонить и...",Кредиты
" , мне, как и многим другим, была подключена по акции подписка СберПрайм на 1 год. Через полмесяца пришло уведомление, что это была техническая ошибка и подписка будет отключена. Позавчера её отключили, и в конечном итоге из-за ихней ошибки...",СберПрайм
"Добрый день, посещал отделение сбербанка, было составлено заявление о выплате компенсаций по вкладам до 91 года как наследнику, были предоставлены все оригиналы необходимых документов, сотрудник сняла копии, заверила печатью и подписью, так...",Обслуживание в отделении
" года, по акции была оформлена подписка СберПрайм сроком на 1(один) год за 0 руб. года, смс от Сбербанк: Имя Отчество, недавно вы оформили СберПрайм на год за 0 р. Сожалеем, но это была техническая ошибка...",СберПрайм
"Здравствуйте хочу поделится своей проблемой, возникшей при пользовании продуктами Сбербанка. Являюсь счастливым обладателем ипотечного кредита открытого в Сбербанке в августе года. Изначально при оформлении кредита менеджером было озвучено -...",Ипотека
"Единственный банк из мне известных, у которого платное обслуживание обычной дебетовой карты. Жадность не знает границ. Но сейчас не об этом. Относятся к своим клиентам плохо. Постоянно меняют правила игры в свою пользу. Вот из последнего:...",Обслуживание в отделении
"Для оформления пособия в Москве, необходима выписки по всем счетам. В налоговой появились данные по кредитной карте которую я оформила в году, а данные, что этот счёт о года! Соответственно в онлайн банке и в офисе я могу взять выписку с...",Кредитные карты
"После смерти супруги получил у нотариуса свидетельство о праве собственности на долю в нашем с ней общем имуществе, то есть на право получения денежных средств. В отделении банка взял талончик и просидел в ожидании не менее получаса. Сотрудник взял...",Обслуживание в отделении
"В августе по акции был подключен Сберпрайм. Спустя две недели прислали смс что собираются отключить, так как подключили по ошибке. Но ошибки не было, на сайте все было написано, была привязка карты и т.д. Почему банк сам решает отключать услуги...",СберПрайм
"У меня с г. заблокирован, без предупреждения, доступ в Сбербанк Онлайн и заблокированы все банковские карты в связи то ли с Договором обслуживания, то ли согласно Закона 115, который, вообще, разрешает блокировку денежных средств...",Другие
"Взыскатель прислал в банк судебный приказ, для сохранения прожиточного минимума необходимо написать заявление. Я обратился с вопросом как можно это сделать без визита в банк, я инвалид. Неужели нет никакой возможности принять это заявление через...",Обслуживание в отделении
"Я составила обращение в отделении сбербанка по поводу снятия наличных с моей карты, жду три рабочих дня, а мне приходит совершенно другой ответ про какую то оспариваемую комиссию , я опять приехала в банк сотрудник сбербанка старался мне помочь ...",Обслуживание в отделении
"Пришла СМС об отмене подписки Сберпрайм на год. Вы ее в одностороннем порядке отменили, по договору такой причины, как техническая ошибка нет. Отвратительное отношение к клиентам. Я её пробрел по установленной цене на сайте сбербанка,почему из-за...",СберПрайм
"Одним из условий заключения договора об открытии невозобновляемой кредитной линии было оформление пакета услуг Домклик Клик, которое включает в себя страхование жизни заемщика (п. 4), оплата ежегодно. Оплата была произведена по ссылке, полученной...",Ипотека
"История не нова. общедоступным способом было получено предложение потестировать подписку Сбер Прайм в течение 1 года. Сегодня тестирование закончилось досрочно, так в одностороннем порядке решили представители надёжного" банка....",СберПрайм
"Не знаю даже с чего бы начать. Наверное, с переезда. Переехала я, значит, из другого региона. И столкнулась с проблемой, которую никто не стал решать до . Суть проблемы следующая: когда я заходила в приложение через карту, оформленную в...",Сбербанк Онлайн
"Сегодня в одностороннем порядке банк отключил подписку Сберпрайм сроком на 1 год. Написал в ТП мобильного приложения в , на основании какого пункта оферты было произведено отключение. На момент ответ в чате не получен, хотя...",СберПрайм
"Подключил пакет услуг Только для селлеров с целью выводить средства полученные от маркетплейсов на личный счет в Сбербанке. В рамках договора, банк предоставляет лимиты для вывода средств физ.лицам без процентов, которые должны привязываться к...",Сбербанк Бизнес
"Я являюсь клиентом банка и пользуюсь различными услугами. в приложении банка по акции подключила подписку СберПрайм сроком действия 1 год (до г.). г. мне пришло сообщение, что СберБанк в одностороннем порядке...",СберПрайм
" августа года прислал мне сбербанк пуш уведомление о том что я могу оформить сберпрайм на год за 0 рублей, я сразу же оформил и был очень рад. августа приходит сообщение что это технический сбой и они отменили мою подписку. Почему...",СберПрайм
"Невозможно произвести платеж по реквизитам в банк ООО Точка Банк. Выдает, что неверный счет, при этом с других банков все переводится без проблем, счет рабочий. Ни в мобильном приложении банка, ни в офисе банка(хотя ассистент в мобильном...",Денежные переводы
"Кредитная карта с беспроцентным периодом 120 дней. По состоянию на г осталась непогашенной сумма 16000руб, процент по договору в случае просрочки 25,4% годовых (при условии внесения обязательного платежа, это условие было...",Кредитные карты
"Добрый день! По ипотечному договору номер от увеличился ежемесячный платёж почти в два раза после досрочного погашения суммы 450тыс для многодетных, в графике платежей на дом клик показана ставка вместо 6%, это...",ДомКлик
"В феврале получил одобрение на кредитные каникулы до (инфляция взята из смс). Кредитную карту пополнил на всю сумму в конце марта. Карта все это время была заблокирована. В августе обратился в отделение банка, где сотрудники долго...",Кредитные карты
"Сбербанк разместил акцию о бесплатной подписке Сберпрайм на год на своем сайте. После через две недели решил что это ошибка и прислал смс что с 1 сентября отменит подписку в одностороннем порядке. 4 сентября написал в чат что у меня подписка...",СберПрайм
".Я пришла в офис только заменить дебетовую карту, в итоге без моего согласия навязали мне кредитную карту. Которую потом ещё и активировали. На мою просьбу ее закрыть, мне отказали. Ответили что счёт кредитный я могу закрыть только через месяц в...",Обслуживание в отделении
"В начале июня заказала дебетовую карту на имя ребенка. 3ий месяц не могу получить карту. Сотрудники отделения не видят у ребенка карту к выдаче, при этом в личном кабинете я вижу и ребенка и выпущенные на него карты. зарегистрировано...",Обслуживание в отделении
"13 августа по спец предложению банка оформил подписку сбер прайм на год бесплатно, на официальном сайте сбербанка. 30 августа получил сообщение от сбербанка, что это была техническая ошибка и подписка в ближайшее время отключиться. Очень жаль что...",СберПрайм
" сходила в Сберэто на станции метро Парк культуры ( Зубовский бул., вл13с1, ) мне необходимо было привязать к карточке другого человека новый номер. Сделать я это хотела по нотариальной доверенности. Когда подошла моя очередь, я...",Обслуживание в отделении
"Заказал карту с дизайном с доставкой, сняли 500р. Ждал целую неделю, а привезли обычную зелёную. Еще и я должен был сам оформлять претензию. Хотелось бы знать сколько нужно времени чтобы сбербанк смог выполнить обязательства по своей же платной...",Обслуживание в отделении
" обнаружила, что не могу закрыть накопительный счет. Вышла ошибка, что паспорт недействителен. На следующий день выехала из деревни в город и обратилась в офис, чтоб снять деньги и закрыть счёт (нужно было купить билеты на самолет и...",Счета и вклады
"Сначала Сбер заблокировал мою дебетовую карту без объяснения причин за 2 года до конца её срока действия. А потом, когда на эту карту пришло детское пособие, оказалось, что получить его я никак не могу. Сначала я много раз пыталась перевыпустить...",Кредитные карты
"Уже 9 месяцев как пытаюсь понять почему у меня блокируют карты ,так еще и карты сбербизнеса. Ответов от поддержки в причине не оглашают , только появляется компроментация данных. Но если это она , то заблокируйте все и выпустите новые. Вообще не...",Блокировка
"Сегодня, как обычно хотел перевести с одного своего счета на другой и обнаружил, что сбербанк заблокировал мне доступ к большинству услуг в "сбербанк онлайн". Причина-ваш паспорт недействителен. Информация в сбербанк о паспорте была предоставлена...",Сбербанк Онлайн
"вносил через банкомат сумму более 800тр, часть суммы были зачислены на карту, сумма более 500тр не внеслась. Сумма требовалась на долгожданную покупку, результат ждите 10 дней. Сразу связался по телефону-сказали ждать. Город Санкт-Петербург.Итог:...",Банкоматы
"Добрый день, продавали квартиру через сервис домклик. Кредитные денежные средства должны были поступить после регистрации в Росреестра в течении 2 рабочих дней. 30 августа сделка была зарегистрирована, мне на телефон поступило об этом СМС. С...",Ипотека
"Оформила образовательный кредит в банке еще . СМС о том, что произошла техническая ошибка пришло в по Московскому времени и, естественно, мною увидено не было. мне поступает обращение от бугалтерии университета о том, что...",Кредиты
"Добрый день! Уже давно пользуюсь кредитной картой Сбера. До недавнего времени все было хорошо, гасила потраченную сумму за предыдущий период и находилась в грейсе. Но в июле что-то пошло не так - я погасила сумму задолженности за предыдущий период...",Кредитные карты
"Я обратилась в Сбербанк г в отделение г. Лесосибирска. Адрес 9 микр, 2Б. Менеджер Елена К-м, 16 окно, талон Л024. Время начала обслуживания по мск. Цель визита получить детскую карту. Сотрудник сказал,что бонусом идёт кредитная...",Обслуживание в отделении
"Обслуживаюсь в сбере как физлицо, история отличная, кредитные лимиты наивысшие. Хотела взять кредит для действующего бизнеса как ИП, система запросила счёт в сбербизнесе, открыла. В разделе кредитования всплывает окно, что я должна вживую посетить...",Сбербанк Бизнес
"боюсь Представить сколько будет решаться вопрос если будет что-то сложннее переустановки приложения. Обратился в колл центр, так как перестало работать приложение. Уточнили os телефона и спросили код ошибки. Сразу сказал пробовал войти и по...",Сбербанк Онлайн
"Давно у меня заблокировали сбербанк онлайн по неведомым мне причинам, при звонке в банк мне говорили что ваша карта восстановлению не подлежит и т.д Недавно мне на телефон пришло СМС-сообщение с предложением подписать обязательство для банка и...",Сбербанк Онлайн
"История о работе со Сбербанком как юрлицо. Больше никогда на это не соглашусь! Перед открытием счета я металась между Альфа и Сбербанком. Ну и решила, что Сбер все таки серьезный банк. Плюс они «заманили» выдачей бесплатной цифровой подписи. И...",Сбербанк Бизнес
"Моей матерью, пенсионеркой, год назад при оформлении вклада была оформлена страховка, защищающая ее деньги на счетах и вкладах Сбера от злоумышленников. Но, как в дальнейшем выяснилось, деньги нужно защищать от самого банка. Страховка эта была...",Страхование
"С не дают снять средства с сберегательного счета, система выдает ошибку отказ по резолюции, а по телефону сотрудники говорят, что ограничений нет, снять средства вы можете, так же служба компоайнс одобрила снятие, но я все еще не могу...",Счета и вклады
"Доброго времени суток! Хотел бы оставить отзыв о ситуации с ипотечными каникулами в СБЕРБАНКе. Я живу в городе Шебекино, который регулярно подвергается обстрелами. Год назад я оформил кредитные каникулы которые были доступны для жителей нашего...",Ипотека
" с карты сбера на карту каспи банк был осуществлен перевод рублей. Сначала платеж висел в обработке, т.п. рассказывала про три рабочих дня которые необходимо ожидать. Три рабочих дня прошло, статус изменился на исполненно, но деньги...",Денежные переводы
"Добрый день! В году, оченью истекалсрок годности социальной карты. Позвонил в контакт сбербанка, в ходе разговора вяснилось, что я могу перевыпустить карту заранее, условия на ней все будут сохранены, без изменений. Ок, перевыпускаем...",Кредитные карты
" заказала карту через сайт , в чате по переписке на сайте подтвердили заказ. Карту получила, условие покупки от 500 р выполнила в срок. Сайт не начислил кэшбек. При вопросе сайт сослался на Сбербанк, что она более не...",Другие
" внесла в банкомат Сбербанка. Купюроприемник принял купюры, закрылся и банкомат отключился. Успела распечатать чек, в котором указано зачислено руб., сумма претензии . Обратилась к специалисту отделения, составили...",Банкоматы
"Здравствуйте, пришли детские пособия с 3 до 7, закон защищает социальные выплаты и ставит код,сбербанк без какого либо разрешения автоматически снял деньги,на данный момент живём на детские пособия, попала в трудную жизненную ситуацию,в разводе,на...",Кредиты
"Как-то в августе Сбер выдал акцию сберпрайм на год за 1 руб. У меня на тот момент была действующая подписка и, соответственно, акция при такой подписке не работала. Я обратился в поддержку можно ли отключить действующую подписку, чтобы...",СберПрайм
"Добрый день, по обращению № от банк не может ответить уже больше месяца. Каждую неделю продлевали срок, а в конце и вовсе попросили подождать. При этом никто ни разу не связывался, обратную связь не...",Обслуживание в отделении
"Отменили подписку сбер-прайм на год,отвратительное отношение к клиентам,ссылаясь на технический сбой, но я же купил её по установленной цене на сайте сбербанка,почему из-за сбоя в одностороннем порядке расторгается сделка,ни...",СберПрайм
"Ежемесячно получала пенсию мужа инвалида 1й группы в Сбербанке. После обновления ПО отказ в обслуживании. Несколько раз безуспешно обращалась в отделение. Каждый раз получала комментарий: технические проблемы. С 5го раза завели обращение...",Обслуживание в отделении
"Была акция и я подключил по промокоду 1 год подписки СберПрайм. Через несколько дней банк просто отключил подписку, составшись на техническую ошибку, чем нарушил свою же оферту. Иными словами, банк хозяин своего слова - хочет даёт, хочет забирает....",СберПрайм
"Я, пенсионерка, обратилась в отделение Сбербанка в Новосибирске на ул. Гоголя 33/1 при истечении срока вклада г с паспортом и договором, вклад мне не выдали, сказав, что служба безопасности не пропускает, создадим обращение. 02...",Обслуживание в отделении
"Пришла к выводу что буду закрывать расчетный счет в сбре , два года пользовалась были не дочеты но более терпимо , я не понимаю такой мощный банк и не может создать приложение для юрлиц где можно принимать платежи по QR . Удивительно но не...",Сбербанк Бизнес
"В субботу года в банкомате Сбербанка, при использовании карты другого банка застряли наличные в размере крупной суммы более 90 т. рублей Банкомат их принял, но не выдал чек и написал, что операция не может быть выполнена. Когда...",Банкоматы
"Добрый день. С женой решили оформить семейную ипотеку, так как жить на сьемных квартирах с мальньким ребенком неудобно. Решили взять ипотеку именно в сбербанке, так как банку доверяем и в целом оба пользовались, вопросов не возникало никогда.В...",Ипотека
"Не посоветою этот банк и услуги Дом клик.Ситуация у меня следующая оформил страховой полис в ингострах и отправил без просрочек через дом клик пришло подтверждения что документы рассмотрят в течении 3-х рабочих дней ,пришло подтверждение что...",ДомКлик
"Подключена услуга Домклик плюс. Вчера (.) должно было быть автоматическое списание и продление (пролонгация) данной услуги. Продление услуги не было. Вчера обращался с таким же вопросом, помочь решить проблему несмогли. Связался менеджер...",ДомКлик
"Проблема началась еще в середине июля года, когда я не смог рассчитать кредитный потенциал. В попытках рассчитать его раз 10 (постоянно выходила ошибка что не могут рассчитать из за технической проблемы), пришлось оставить заявку на рещение...",Сбербанк Онлайн
"В прошлом году взяла в Сбербанке образовательный кредит на обучение в магистратуре. Весь год никаких проблем не было, прекрасная возможность продолжить обучения без необходимости иметь деньги на это сразу. И вот подходит второй и вместе с тем...",Кредиты
" года мне пришло сообщение о компрометации. Дебетовые карты, открытые в Сбербанке заблокированы с остатком денег. Рекивзиты карты Сбербанка я подал для получения военной пенсии, являясь участником СВО. Эта ситуация привела к тому что я...",Сбербанк Онлайн
"Добрый вечер! В июле года я открыл вклад (счет) в ПАО Сбербанк. Дальше все пошло не так гладко как с открытием, потому что банк не дает мне закрыть этот счет и пользуется средствами, которые у меня на счету. Я...",Счета и вклады
" года получила сообщение о компроментации, в итоге заблокировали личные карты с остатком денежных средств. На личные карты, открытые в ПАО СБЕРБАНК, ежемесячно получаю социальные выплаты, так эе со мной проживают 2-ое несовершенолетних...",Кредитные карты
"Ипотека погашена ,конкретной информации в месенджерах сбербанка и домклик не поступают,специалисты по горячей линии 900 не предоставляют информацию,пересылают с одного на другого специалиста, прошу в кратчайшие сроки решить мой вопрос...",ДомКлик
"Прошу поощрить сотрудника сбербанка К-ву Алину Р. за умение аргументированно убежать клиентов в целесообразности предлагаемых сбербанком вкладов. Именно благодаря ей я сделал очередной выгодный вклад под очень выгодный процент. Спасибо ей большое....",Обслуживание в отделении
"Я абсолютно не понимаю, почему такое халатное отношение сотрудников в контактах центрах и инженеров по установке эквайринга. начнем с того, что после заявки на установку эквайринга ни один менеджер со мной не связался, я звонила и дозвонилась...",Эквайринг
"Добрый день! 1 августа г.написала заявление на предприятии о переходе на зарплатный проект сбербанка. Через несколько дней пришло пуш уведомление, готова виртуальная карта, я ее успешно активировала. Жду сообщения о дате получения золотой...",Зарплатный проект
"Адрес Серышева ,менеджер по ипотеке услышав что сделка должна пройти через ДомКлик даже не стала слушать ,а вопрос был в её компетенции. Она отправила к руководителю. П-ва Л.В,.руководитель видит что кружусь возле её двери , сидит обсуждать...",Ипотека
"13 августа года я увидела на предложение о подключении подписки сберпрайм на год за ноль рублей- так как являюсь давно держателем карты и пользователем различных экосистем Сбера конечно решила воспользоваться предложением. Все подключилось и...",СберПрайм
" в сбербанке на Сенной в СПб была большая очередь, а нужно было внести деньги по договору с застрощиком на эскроу счёт. Менеджер предложил пополнить карту через банкомат, а потом перевести на эскроу счёт. Что я и сделала. Но сумма была...",Банкоматы
"Здравствуйте. У меня возникла трудная жизненная ситуация, мне нужен был кредит. Пришел в офис -го августа года чтобы его взять. Его одобрили, сказали что в течении двух рабочих дней средства поступят на мой счет. Прошло два дня-денег...",Кредиты
"Здравствуйте! Я обращаюсь к вам с претензией по поводу отключения подписки «СперПрайм» без моего ведома. 30 августа мне пришло уведомление, что мне отключат подписку.Считаю, что данное действие является нарушением моих прав как клиента....",СберПрайм
"Всем здравствуйте, мы с женихом оба являемся клиентами Сбербанк Премиум, у обоих ИП с РС в сбербанке. Неделю назад у нас была свадьба, нам нужно было оплатить банкет в ресторане. Перед оплатой мы обратились на горячую линию, а так же к персональным...",Сбербанк Бизнес
"Банк, здравствуй! Что я ожидаю от своего отзыва - быстрого решение вопроса и депримирования сотрудников, которые обнуляют годами и миллиардами рублей инвестиции банка в лояльность. Банк - ты запустил акцию "двойной кэшбэк". Работает...",СберСпасибо
"Я колясочница. Обратилась в Москве в отделение Сбербанка / на ул. Наметкина д. о расторжении генеральной доверенности. Около отделения оборудован вьезд для маломобильных людей. Для подстраховки нажала кнопку вызова сотрудника....",Обслуживание в отделении
"У меня было подключено расчётно-кассовое обслуживание, был открыт расчётный счёт с бизнес картой и установлен терминал. В году, в связи с более выгоднеыми условиями, перешла из Сбербанка в Альфа-Банк. Сразу после перехода в отделении Сбербанка...",Сбербанк Бизнес
"Добрый день! Некоторое время назад была подключена подписка Сберпрайм сроком на один год по специальной акции. Но теперь прислали смс, что это техническая ошибка банка и подписка будет отключена с -го сентября. Крайне неприятная ситуация, к...",СберПрайм
"Отвратительный банк! Вызывает все больше и больше негатива всей моей семьи и друзей. А именно из-за дурацких и необоснованных блокировок переводов и карт. В последнее время творится какая-то дичь просто. Переводы, даже мелкие, блокируют. Звонит...",Денежные переводы
"Оформили ипотеку в Сбербанке на строительство , 1 и 2 транш получили без проблем , через Рососмотр отправляли отчет о строительстве и с геолокацией не было никаких проблем! С получением -го транша возникла проблема , рососмотр постоянно...",Ипотека
"У меня оформлен ипотечный кредитный договор на строительство жилого дома на моем земельном участке. Мною построен фундамент и необходимо получать 2ой из трех кредитный транш. Для подтверждения расхода денег на строительство дома, фундамента по...",Ипотека
"Отменили подписку сбер-прайм на год,отвратительное отношение к клиентам,говорят технический сбой и не видать Вам подписки,но я же купил её по установленной цене на сайте сбербанка,почему из-за сбоя они в одностороннем порядке расторгают сделку,ни...",СберПрайм
"13 августа я встретила в сети интернет очень заманчивое предложение от сбербанка, в котором предлагалось подключить сберпрайм за 0 рублей на целый год! не раздумывая, я перешла в приложение сбербанк онлайн и оформила годовую подписку, с чем...",СберПрайм
" августа г. обратились в отделение Сбербанка по адресу Санкт-Петребург, Пушкин, Петербургское шоссе, /1 для получения заказанной заранее суммы наличными. Сумма находилась на счете карты, сотрудница отделения предупредила, что при снятии с...",Обслуживание в отделении
"22 августа мной была совершена покупка на сумму 40 000 в категории, которую банк предоставил мне в этом месяце по программе Спасибо под 3%. За эту покупку мне недоначислили почти 200 бонусов Спасибо. Когда я обратилась на горячую линию, девушка...",СберСпасибо
"Около месяца назад наткнулась в интернете на интересную акцию от Сбербанка. Сберпрайм на год за 0 рублей гласила информация на официальном сайте. Кликнула по ссылке, зашло в официальное предложение и успешна подключила данную акцию. Прошло...",СберПрайм
" года я оформила ипотеку в Сбере по траншевой системе (до сдачи дома в эксплуатацию от суммы ипотеки я плачу только 25%, оставшаяся сумма (транш) будет выставлен в мае года). Программа кредитования - льготная ипотека (ковид )....",Ипотека
"От банка было предложение попробовать подписку Сбе прайм за 0 рублей на 12 месяцев. Я подключила и через время мне пишет банк, что произошла техническая ошибка и они аннулируют мою подписку. Если это их ошибка значит они должны принять ее. Мы...",СберПрайм
"Являюсь клиентом Сбербанка уже длительное время. Активно пользуюсь продуктами банка уже много лет, свои обязательства выполняю честно и порядочно! года в обратилась с вопросом в колл-центр банка, ответила оператор Надежда. У...",Обслуживание в отделении
" обратилась в отделение банка, оформила обращение на возврат денег за составление договора купли-продажи (услуга не была оказана). получила ответ: Татьяна Владимировна, мы рассмотрели ваше обращение №. от . Для решения вашего...",Обслуживание в отделении
" клиент обратился в отлеление банка г. Ялта по адресу Киевская 4, к менеджеру Анастасии Т ,по вопросу выдачи ипотеки на покупку недвижимости . Все документы по сделке подгружены, обьект огласован, казалось бы выдайте кредит, разместите...",Ипотека
"Добрый день! Обратилась в отделене банка 30 июля для подачи заявки на автокредит. Сотрудник завел заявку, заявка была одобрена в тот же день. 31 июля пришла повторно уже для оформления договора и получения денежных средств. После подписания...",Автокредиты
"Такого вообще не ожидала от такого большого банка. Ведет себя как шаршкина контора. Подключила подписку сберпрайм на год по акции, через Месяц пользования присылают смс, что мы ошиблись, такой акции нет, мы отключаем подписку. Т е сотрудники...",СберПрайм
" оформил бесплатную (за 0 рублей) подписку СберПрайм на год по промо ссылке. получил смс от банка о том, что оформление подписки состоялось из-за технической ошибки банка и она будет действовать отключена .Сбербанк...",СберПрайм
"Началось все с 12 мая, когда пришла блокировка по 115-фз. На счету было 516 тысяч рублей. Как только она пришла, я пошел снимать МОИ деньги, 12 мая дали снять 100 тысяч рублей. В банке сказали что стоит лимит снятия 100 тысяч в сутки. На...",Блокировка
"Я являюсь постоянным клиентом банка, месяц назад нашла в приложении акцию на подключение годовой подписки СберПрайм, подключила начала пользоваться, спустя месяц Сбербанк в одностороннем порядке, что противоречит закону о защ прав потреб, банк...",СберПрайм
" оформил бесплатную (за 0 рублей) подписку СберПрайм на год по промо ссылке. получил смс от банка о том, что оформление подписки состоялось из-за технической ошибки банка и она будет действовать отключена . Сбербанк...",СберПрайм
"Оформлял 13 августа в приложении Сбера подписку СберПрайм на год. Было предложение с подпиской на год за рубль. Ну почему бы и нет. Оформил.Сегодня приходит инетересное письмо:...., недавно вы оформили СберПрайм на год за 0 р. Сожалеем, но это...",СберПрайм
"Подключил подписку сберпрайм в приложении банка. Через две недели приходит смс, что это была техническая ошибка и подписку отключают. Таким темпом можно и процентную ставку по вкладу понизить и назвать это технической ошибкой....",СберПрайм
"Неделю назад по предложению банка подключил на год подписку Сберпрайм за 1 руб. И вот сегодня сообщили, что подписка отменяется, через два дня подписка будет по полной стоимости, произошла ошибка. Да, это они признают ошибкой. А вот если клиент по...",СберПрайм
"13 августа года Сбер на своём сайте разместил акционное предложение Сберпрайм на 1 год всего за 0р (вместо 1990). Акция продлилась менее часа, новая подписка стала активной до г, подумал Круто, буду пользоваться подпиской, оценю...",СберПрайм
"13 августа была доступна акция по подключению подписки - бесплатная подписка сберпрайм на год, чем я и воспользовался и подключил подписку и себе и родственице, заодно при оформлении сразу предложили и второй год подписку за 995 рублей, чем я...",СберПрайм
" августа года Сбер на своём сайте разместил акционное предложение на год за 0р(1990 зачеркнуто). Акция продлилась буквально час, после этого всё вернулось на свои места, казалось бы, щедрость от Сбера? Не тут-то было. Спустя...",СберПрайм
"Оплатил подписку на год, сегодня пришло смс что ее отменили, поступка ниже этого я в жизни еще не встречал, видимо банку плевать на свою репутацию, всем кто пользуется экосистемой сбера рекомендую от всего отписаться, есть множество других банков с...",СберПрайм
" года, по акции была оформлена подписка СберПрайм сроком на 1(один) год за 0 руб. года, смс от Сбербанк : Валерий Владимирович, недавно вы оформили СберПрайм на год за 0 р. Сожалеем, но это была техническая ошибка...",СберПрайм
"Недавно, воспользовался услугой от сбербанка бесплатная подписка сберпрайм на год. Даже показалось что банк повернулся лицом к народу. Но сегодня, минут 30 назад прилетает такое смс разочарования: Алексей Равилевич, недавно вы оформили СберПрайм...",СберПрайм
"13 августа был приобретен по акции на сайте Сберпрайм на год. Сегодня пришло сообщение, что была техническая ошибка и подписка будет отменена! Было подтверждение подключение подписки, кроме того при подключении ее отключилась другая акционная....",СберПрайм
"На сайте сбера 2 недели назад было предложение о покупке подписки сберпрайм за 0 рублей, хотя она ничего особо не дает, но за 0 рублей почему нет 😄 в общем оплатил, а через 2 недели приходит оповещение мол извините простите, мы перепутали...",СберПрайм
" официально оформил бесплатную подписку СберПрайм на год. получил смс от банка о том, что оформление подписки состоялось из-за технической ошибки банка и она будет действовать только до . Неприятно, честно говоря....",СберПрайм
"Дело в том, что я не пользуюсь и не нуждаюсь в использовании банковского карточного продукта Сбербанка для оплаты транспорта в Москве. Наша семья в полном составе пользуется для этих целей социальной картой, эмиссии ВТБ, по категории...",Другие
"Прислал мне сбербанк пуш уведомление о том что я могу оформить сберпрайм на год за 0 рублей, я сразуже оформил и был очень рад. Но сегодня приходит сообщение что это технический сбой и они отменили мою подписку. Почему сбербанк из за собственых...",СберПрайм
"Собрался в отделение банка, чтобы получить кредитную карту, взял талончик на получение № Л034 в , отсидел п почти один час, в итоге, среди граждан началась паника и возбуждение, спокойно подошёл к сотруднице и попросил позвать руководителя...",Обслуживание в отделении
"В августе в интернете наткнулся на предложение Сбербанка о подключении пробного периода подписки СберПрайм на год с дальнейшим продлением. Воспользовался предложением и подключил подписку, все было хорошо, но уже от номера 900...",СберПрайм
"На счету был остаток детских пособий,кроме пособий на карту нет никаких поступлений, сегодня по судебному приказу сняли деньги! В поддержке ответили, да детские пособия не имеют права списывать, обращайтесь туда-то, туда-то, а на каком основании...",Кредиты
"Здравствуйте! У меня ипотека и чтобы снизить ставку на 1% я оплачиваю подписку на Домклик Плюс, куда входит Сбер Прайм. Где -то за месяц до окончания годовой подписки на Домклик Плюс мне пришло сообщение, что скоро подписка кончается и можно...",ДомКлик
"Нужен был расчетный счет после регистрации ИП, но использование не планировалось.Выбирал специально, без какого либо обслуживания, за 0 денег. Выбрал Сбербанк, у менеджера ни раз уточнял, будут ли какие-то платежи, на что получат ответ, что...",Счета и вклады
"Если вы видите отзыв - значит со мной никто не связался Не продливается сраховка, которая влияет на процентую ставку. В банке не могут проконсультировать, самостоятельно продлить не могу, только ждите. Подозреваю специально так делают, чтобы...",Страхование
"Менеджер наш в отпуске (отличный менеджер!). Пишу в чате с кем можно связаться, чтоб разместить депозит на индивид условиях. Тк. сейчас не у компьютера, заявку нет возможности создать. Размещаю депозиты давно и постоянно. По опыту вопрос на 2...",Вклады
"Здравствуйте. Раньше спокойно оформлял яндекс сплит и привязывал кредитную карту для платежей и списывали нужную сумму 4 раза без всяких комиссий и нарушения льготного периода. Теперь при платеже сняли 390 её, я не знал же об этом. Думал операция...",Кредитные карты
"У меня есть кредитная карта Сбербанка с беспроцентным периодом 120 дней. Я потратил по ней 100 тыс. (часть покупок совершал в Мегамаркете – здесь 9,8% годовых при выходе за пределы беспроцентного периода). До окончания беспроцентного периода я...",Кредитные карты